{
  "lr_seed3_ts0.2_shuffleTrue": {
    "overall": {
      "R2": 0.9456002867082154,
      "MAE": 0.3430061623409567,
      "MAPE": 0.07042860641359011
    },
    "agg1": {
      "R2": 0.9194210053598514,
      "MAE": 0.35134811942003186,
      "MAPE": 0.06515867060566144
    },
    "agg2": {
      "R2": 0.9717795680565794,
      "MAE": 0.33466420526188156,
      "MAPE": 0.07569854222151878
    }
  }
}