{
  "lr_seed2_ts0.2_shuffleTrue": {
    "overall": {
      "R2": 0.946429993641694,
      "MAE": 0.37747471508344843,
      "MAPE": 0.1036661687692938
    },
    "agg1": {
      "R2": 0.934507859408271,
      "MAE": 0.36586267640778025,
      "MAPE": 0.07247811809978726
    },
    "agg2": {
      "R2": 0.958352127875117,
      "MAE": 0.38908675375911667,
      "MAPE": 0.13485421943880033
    }
  }
}