{
  "nn_hidden(64, 32)_lr0.001": {
    "overall": {
      "R2": 0.5035282753316965,
      "MAE": 0.8100593704647489,
      "MAPE": 0.17162244208561006
    },
    "agg1": {
      "R2": 0.6132432556378073,
      "MAE": 0.8400134595235189,
      "MAPE": 0.18202393264609132
    },
    "agg2": {
      "R2": 0.3938132950255858,
      "MAE": 0.7801052814059788,
      "MAPE": 0.1612209515251288
    }
  }
}