{
    "overall": {
        "r2": 0.5576996571450573,
        "mae": 0.8099999999999998,
        "mape": 0.17043987854303091
    },
    "agg1": {
        "r2": 0.3946309482953383,
        "mae": 1.0659999999999998,
        "mape": 0.22944720433585417
    },
    "agg2": {
        "r2": 0.7207683659947766,
        "mae": 0.5539999999999998,
        "mape": 0.11143255275020768
    }
}