{
  "mm_seed3_ts0.2_shuffleTrue": {
    "overall": {
      "R2": 0.7615214030182634,
      "MAE": 0.673888888888889,
      "MAPE": 0.19214512562989286
    },
    "agg1": {
      "R2": 0.7152046088347656,
      "MAE": 0.7326666666666669,
      "MAPE": 0.13136123190572252
    },
    "agg2": {
      "R2": 0.8078381972017612,
      "MAE": 0.6151111111111112,
      "MAPE": 0.25292901935406314
    }
  }
}