{
  "lr_seed0_ts0.2_shuffleTrue": {
    "overall": {
      "R2": 0.9156285443213512,
      "MAE": 0.3836004782790544,
      "MAPE": 0.07009739317331484
    },
    "agg1": {
      "R2": 0.9123429302291761,
      "MAE": 0.45169142480444535,
      "MAPE": 0.084079551096366
    },
    "agg2": {
      "R2": 0.9189141584135264,
      "MAE": 0.3155095317536634,
      "MAPE": 0.05611523525026369
    }
  }
}