{
    "aggregated1": {
        "intercept": -2.5525830080326983,
        "granular1": 0.7982149799088343,
        "granular2": 0.19714733581506566,
        "granular3": 0.08430724271087565,
        "granular4": 0.09108631569004384,
        "granular5": 0.15092927155689087
    },
    "aggregated2": {
        "intercept": -4.5474620361707085,
        "granular1": 0.6413809865623259,
        "granular2": 0.6897731142916634,
        "granular3": 0.2808746050804588,
        "granular4": -0.05038994298808905,
        "granular5": 0.07738886752372466
    }
}