{
    "aggregated1": {
        "intercept": -2.7493619984318265,
        "granular1": 0.8708521695742198,
        "granular2": 0.18840745071831017,
        "granular3": 0.0846658310904079,
        "granular4": -0.0026604181934006027,
        "granular5": 0.21177801057398868
    },
    "aggregated2": {
        "intercept": -4.6746061156620815,
        "granular1": 0.6147155611549024,
        "granular2": 0.7013145522957952,
        "granular3": 0.320855595532029,
        "granular4": -0.1444157422786665,
        "granular5": 0.1579413354539983
    }
}