{
  "mm_seed2_ts0.2_shuffleTrue": {
    "overall": {
      "R2": 0.8175101947668417,
      "MAE": 0.7745555555555554,
      "MAPE": 0.20699677593273214
    },
    "agg1": {
      "R2": 0.84452907092561,
      "MAE": 0.5482222222222223,
      "MAPE": 0.09964728080993449
    },
    "agg2": {
      "R2": 0.7904913186080735,
      "MAE": 1.0008888888888887,
      "MAPE": 0.3143462710555298
    }
  }
}