{
    "aggregated1": {
        "intercept": -2.467028759545185,
        "granular1": 0.8829764383262735,
        "granular2": 0.13350939374044848,
        "granular3": 0.08567919178095922,
        "granular4": 0.0035245427460159507,
        "granular5": 0.20884296618749182
    },
    "aggregated2": {
        "intercept": -3.823265657335588,
        "granular1": 0.6669945765206234,
        "granular2": 0.618949335367385,
        "granular3": 0.27470126475613,
        "granular4": -0.1900375044324988,
        "granular5": 0.16840174203875505
    }
}