{
  "nn_hidden(32, 32)_lr0.0005": {
    "overall": {
      "R2": 0.7720913656990747,
      "MAE": 0.6562134069866604,
      "MAPE": 0.18837282277817846
    },
    "agg1": {
      "R2": 0.7382263531211183,
      "MAE": 0.7030250400967069,
      "MAPE": 0.12109040918469358
    },
    "agg2": {
      "R2": 0.8059563782770309,
      "MAE": 0.609401773876614,
      "MAPE": 0.25565523637166343
    }
  }
}