{
    "overall": {
        "r2": 0.9156285443213512,
        "mae": 0.3836004782790544,
        "mape": 0.07009739317331484
    },
    "agg1": {
        "r2": 0.9123429302291761,
        "mae": 0.45169142480444535,
        "mape": 0.084079551096366
    },
    "agg2": {
        "r2": 0.9189141584135264,
        "mae": 0.3155095317536634,
        "mape": 0.05611523525026369
    }
}