{
  "mm_seed0_ts0.2_shuffleTrue": {
    "overall": {
      "R2": 0.5576996571450573,
      "MAE": 0.8099999999999998,
      "MAPE": 0.17043987854303091
    },
    "agg1": {
      "R2": 0.3946309482953383,
      "MAE": 1.0659999999999998,
      "MAPE": 0.22944720433585417
    },
    "agg2": {
      "R2": 0.7207683659947766,
      "MAE": 0.5539999999999998,
      "MAPE": 0.11143255275020768
    }
  }
}