{
  "nn_hidden(32, 32)_lr0.0005": {
    "overall": {
      "R2": 0.8286736394312306,
      "MAE": 0.7353710916307237,
      "MAPE": 0.2100853345975769
    },
    "agg1": {
      "R2": 0.864200085641063,
      "MAE": 0.508221821255154,
      "MAPE": 0.09920515197917824
    },
    "agg2": {
      "R2": 0.7931471932213982,
      "MAE": 0.9625203620062934,
      "MAPE": 0.3209655172159756
    }
  }
}